country,scenario_risk_score,risk_cluster,risk_level
Mali,-2.670473308429648,2,Low Risk
"Yemen, Rep.",-2.701375664849795,2,Low Risk
Guinea,-2.8382498880213447,2,Low Risk
"Congo, Rep.",-2.8397532804904344,2,Low Risk
Papua New Guinea,-2.8940679070136426,2,Low Risk
Timor-Leste,-2.9464158482372835,2,Low Risk
Tanzania,-2.9936290337299094,2,Low Risk
"Gambia, The",-3.0528194773702872,2,Low Risk
Benin,-3.122289525435663,2,Low Risk
Ethiopia,-3.2545096126082975,2,Low Risk
